email,firstName,fullName,lastName
1@testdomain.com,1,1,1
2@testdomain.com,2,2,2
3@testdomain.com,3,3,3
4@testdomain.com,4,4,4
5@testdomain.com,5,5,5
6@testdomain.com,6,6,6
7@testdomain.com,7,7,7
8@testdomain.com,8,8,8
9@testdomain.com,9,9,9
10@testdomain.com,10,10,10
11@testdomain.com,11,11,11
12@testdomain.com,12,12,12
13@testdomain.com,13,13,13
14@testdomain.com,14,14,14
15@testdomain.com,15,15,15
16@testdomain.com,16,16,16
17@testdomain.com,17,17,17
18@testdomain.com,18,18,18
19@testdomain.com,19,19,19
20@testdomain.com,20,20,20
21@testdomain.com,21,21,21
22@testdomain.com,22,22,22
23@testdomain.com,23,23,23
24@testdomain.com,24,24,24
25@testdomain.com,25,25,25
26@testdomain.com,26,26,26
27@testdomain.com,27,27,27
28@testdomain.com,28,28,28
29@testdomain.com,29,29,29
30@testdomain.com,30,30,30
31@testdomain.com,31,31,31
32@testdomain.com,32,32,32
33@testdomain.com,33,33,33
34@testdomain.com,34,34,34
35@testdomain.com,35,35,35
36@testdomain.com,36,36,36
37@testdomain.com,37,37,37
38@testdomain.com,38,38,38
39@testdomain.com,39,39,39
40@testdomain.com,40,40,40
41@testdomain.com,41,41,41
42@testdomain.com,42,42,42
43@testdomain.com,43,43,43
44@testdomain.com,44,44,44
45@testdomain.com,45,45,45
46@testdomain.com,46,46,46
47@testdomain.com,47,47,47
48@testdomain.com,48,48,48
49@testdomain.com,49,49,49
50@testdomain.com,50,50,50
51@testdomain.com,51,51,51
52@testdomain.com,52,52,52
53@testdomain.com,53,53,53
54@testdomain.com,54,54,54
55@testdomain.com,55,55,55
56@testdomain.com,56,56,56
57@testdomain.com,57,57,57
58@testdomain.com,58,58,58
59@testdomain.com,59,59,59
60@testdomain.com,60,60,60
61@testdomain.com,61,61,61
62@testdomain.com,62,62,62
63@testdomain.com,63,63,63
64@testdomain.com,64,64,64
65@testdomain.com,65,65,65
66@testdomain.com,66,66,66
67@testdomain.com,67,67,67
68@testdomain.com,68,68,68
69@testdomain.com,69,69,69
70@testdomain.com,70,70,70
71@testdomain.com,71,71,71
72@testdomain.com,72,72,72
73@testdomain.com,73,73,73
74@testdomain.com,74,74,74
75@testdomain.com,75,75,75
76@testdomain.com,76,76,76
77@testdomain.com,77,77,77
78@testdomain.com,78,78,78
79@testdomain.com,79,79,79
80@testdomain.com,80,80,80
81@testdomain.com,81,81,81
82@testdomain.com,82,82,82
83@testdomain.com,83,83,83
84@testdomain.com,84,84,84
85@testdomain.com,85,85,85
86@testdomain.com,86,86,86
87@testdomain.com,87,87,87
88@testdomain.com,88,88,88
89@testdomain.com,89,89,89
90@testdomain.com,90,90,90
91@testdomain.com,91,91,91
92@testdomain.com,92,92,92
93@testdomain.com,93,93,93
94@testdomain.com,94,94,94
95@testdomain.com,95,95,95
96@testdomain.com,96,96,96
97@testdomain.com,97,97,97
98@testdomain.com,98,98,98
99@testdomain.com,99,99,99
100@testdomain.com,100,100,100
101@testdomain.com,101,101,101
102@testdomain.com,102,102,102
103@testdomain.com,103,103,103
104@testdomain.com,104,104,104
105@testdomain.com,105,105,105
106@testdomain.com,106,106,106
107@testdomain.com,107,107,107
108@testdomain.com,108,108,108
109@testdomain.com,109,109,109
110@testdomain.com,110,110,110
111@testdomain.com,111,111,111
112@testdomain.com,112,112,112
113@testdomain.com,113,113,113
114@testdomain.com,114,114,114
115@testdomain.com,115,115,115
116@testdomain.com,116,116,116
117@testdomain.com,117,117,117
118@testdomain.com,118,118,118
119@testdomain.com,119,119,119
120@testdomain.com,120,120,120
121@testdomain.com,121,121,121
122@testdomain.com,122,122,122
123@testdomain.com,123,123,123
124@testdomain.com,124,124,124
125@testdomain.com,125,125,125
126@testdomain.com,126,126,126
127@testdomain.com,127,127,127
128@testdomain.com,128,128,128
129@testdomain.com,129,129,129
130@testdomain.com,130,130,130
131@testdomain.com,131,131,131
132@testdomain.com,132,132,132
133@testdomain.com,133,133,133
134@testdomain.com,134,134,134
135@testdomain.com,135,135,135
136@testdomain.com,136,136,136
137@testdomain.com,137,137,137
138@testdomain.com,138,138,138
139@testdomain.com,139,139,139
140@testdomain.com,140,140,140
141@testdomain.com,141,141,141
142@testdomain.com,142,142,142
143@testdomain.com,143,143,143
144@testdomain.com,144,144,144
145@testdomain.com,145,145,145
146@testdomain.com,146,146,146
147@testdomain.com,147,147,147
148@testdomain.com,148,148,148
149@testdomain.com,149,149,149
150@testdomain.com,150,150,150
151@testdomain.com,151,151,151
152@testdomain.com,152,152,152
153@testdomain.com,153,153,153
154@testdomain.com,154,154,154
155@testdomain.com,155,155,155
156@testdomain.com,156,156,156
157@testdomain.com,157,157,157
158@testdomain.com,158,158,158
159@testdomain.com,159,159,159
160@testdomain.com,160,160,160
161@testdomain.com,161,161,161
162@testdomain.com,162,162,162
163@testdomain.com,163,163,163
164@testdomain.com,164,164,164
165@testdomain.com,165,165,165
166@testdomain.com,166,166,166
167@testdomain.com,167,167,167
168@testdomain.com,168,168,168
169@testdomain.com,169,169,169
170@testdomain.com,170,170,170
171@testdomain.com,171,171,171
172@testdomain.com,172,172,172
173@testdomain.com,173,173,173
174@testdomain.com,174,174,174
175@testdomain.com,175,175,175
176@testdomain.com,176,176,176
177@testdomain.com,177,177,177
178@testdomain.com,178,178,178
179@testdomain.com,179,179,179
180@testdomain.com,180,180,180
181@testdomain.com,181,181,181
182@testdomain.com,182,182,182
183@testdomain.com,183,183,183
184@testdomain.com,184,184,184
185@testdomain.com,185,185,185
186@testdomain.com,186,186,186
187@testdomain.com,187,187,187
188@testdomain.com,188,188,188
189@testdomain.com,189,189,189
190@testdomain.com,190,190,190
191@testdomain.com,191,191,191
192@testdomain.com,192,192,192
193@testdomain.com,193,193,193
194@testdomain.com,194,194,194
195@testdomain.com,195,195,195
196@testdomain.com,196,196,196
197@testdomain.com,197,197,197
198@testdomain.com,198,198,198
199@testdomain.com,199,199,199
200@testdomain.com,200,200,200
201@testdomain.com,201,201,201
202@testdomain.com,202,202,202
203@testdomain.com,203,203,203
204@testdomain.com,204,204,204
205@testdomain.com,205,205,205
206@testdomain.com,206,206,206
207@testdomain.com,207,207,207
208@testdomain.com,208,208,208
209@testdomain.com,209,209,209
210@testdomain.com,210,210,210
211@testdomain.com,211,211,211
212@testdomain.com,212,212,212
213@testdomain.com,213,213,213
214@testdomain.com,214,214,214
215@testdomain.com,215,215,215
216@testdomain.com,216,216,216
217@testdomain.com,217,217,217
218@testdomain.com,218,218,218
219@testdomain.com,219,219,219
220@testdomain.com,220,220,220
221@testdomain.com,221,221,221
222@testdomain.com,222,222,222
223@testdomain.com,223,223,223
224@testdomain.com,224,224,224
225@testdomain.com,225,225,225
226@testdomain.com,226,226,226
227@testdomain.com,227,227,227
228@testdomain.com,228,228,228
229@testdomain.com,229,229,229
230@testdomain.com,230,230,230
231@testdomain.com,231,231,231
232@testdomain.com,232,232,232
233@testdomain.com,233,233,233
234@testdomain.com,234,234,234
235@testdomain.com,235,235,235
236@testdomain.com,236,236,236
237@testdomain.com,237,237,237
238@testdomain.com,238,238,238
239@testdomain.com,239,239,239
240@testdomain.com,240,240,240
241@testdomain.com,241,241,241
242@testdomain.com,242,242,242
243@testdomain.com,243,243,243
244@testdomain.com,244,244,244
245@testdomain.com,245,245,245
246@testdomain.com,246,246,246
247@testdomain.com,247,247,247
248@testdomain.com,248,248,248
249@testdomain.com,249,249,249
250@testdomain.com,250,250,250
251@testdomain.com,251,251,251
252@testdomain.com,252,252,252
253@testdomain.com,253,253,253
254@testdomain.com,254,254,254
255@testdomain.com,255,255,255
256@testdomain.com,256,256,256
257@testdomain.com,257,257,257
258@testdomain.com,258,258,258
259@testdomain.com,259,259,259
260@testdomain.com,260,260,260
261@testdomain.com,261,261,261
262@testdomain.com,262,262,262
263@testdomain.com,263,263,263
264@testdomain.com,264,264,264
265@testdomain.com,265,265,265
266@testdomain.com,266,266,266
267@testdomain.com,267,267,267
268@testdomain.com,268,268,268
269@testdomain.com,269,269,269
270@testdomain.com,270,270,270
271@testdomain.com,271,271,271
272@testdomain.com,272,272,272
273@testdomain.com,273,273,273
274@testdomain.com,274,274,274
275@testdomain.com,275,275,275
276@testdomain.com,276,276,276
277@testdomain.com,277,277,277
278@testdomain.com,278,278,278
279@testdomain.com,279,279,279
280@testdomain.com,280,280,280
281@testdomain.com,281,281,281
282@testdomain.com,282,282,282
283@testdomain.com,283,283,283
284@testdomain.com,284,284,284
285@testdomain.com,285,285,285
286@testdomain.com,286,286,286
287@testdomain.com,287,287,287
288@testdomain.com,288,288,288
289@testdomain.com,289,289,289
290@testdomain.com,290,290,290
291@testdomain.com,291,291,291
292@testdomain.com,292,292,292
293@testdomain.com,293,293,293
294@testdomain.com,294,294,294
295@testdomain.com,295,295,295
296@testdomain.com,296,296,296
297@testdomain.com,297,297,297
298@testdomain.com,298,298,298
299@testdomain.com,299,299,299
300@testdomain.com,300,300,300
301@testdomain.com,301,301,301
302@testdomain.com,302,302,302
303@testdomain.com,303,303,303
304@testdomain.com,304,304,304
305@testdomain.com,305,305,305
306@testdomain.com,306,306,306
307@testdomain.com,307,307,307
308@testdomain.com,308,308,308
309@testdomain.com,309,309,309
310@testdomain.com,310,310,310
311@testdomain.com,311,311,311
312@testdomain.com,312,312,312
313@testdomain.com,313,313,313
314@testdomain.com,314,314,314
315@testdomain.com,315,315,315
316@testdomain.com,316,316,316
317@testdomain.com,317,317,317
318@testdomain.com,318,318,318
319@testdomain.com,319,319,319
320@testdomain.com,320,320,320
321@testdomain.com,321,321,321
322@testdomain.com,322,322,322
323@testdomain.com,323,323,323
324@testdomain.com,324,324,324
325@testdomain.com,325,325,325
326@testdomain.com,326,326,326
327@testdomain.com,327,327,327
328@testdomain.com,328,328,328
329@testdomain.com,329,329,329
330@testdomain.com,330,330,330
331@testdomain.com,331,331,331
332@testdomain.com,332,332,332
333@testdomain.com,333,333,333
334@testdomain.com,334,334,334
335@testdomain.com,335,335,335
336@testdomain.com,336,336,336
337@testdomain.com,337,337,337
338@testdomain.com,338,338,338
339@testdomain.com,339,339,339
340@testdomain.com,340,340,340
341@testdomain.com,341,341,341
342@testdomain.com,342,342,342
343@testdomain.com,343,343,343
344@testdomain.com,344,344,344
345@testdomain.com,345,345,345
346@testdomain.com,346,346,346
347@testdomain.com,347,347,347
348@testdomain.com,348,348,348
349@testdomain.com,349,349,349
350@testdomain.com,350,350,350
351@testdomain.com,351,351,351
352@testdomain.com,352,352,352
353@testdomain.com,353,353,353
354@testdomain.com,354,354,354
355@testdomain.com,355,355,355
356@testdomain.com,356,356,356
357@testdomain.com,357,357,357
358@testdomain.com,358,358,358
359@testdomain.com,359,359,359
360@testdomain.com,360,360,360
361@testdomain.com,361,361,361
362@testdomain.com,362,362,362
363@testdomain.com,363,363,363
364@testdomain.com,364,364,364
365@testdomain.com,365,365,365
366@testdomain.com,366,366,366
367@testdomain.com,367,367,367
368@testdomain.com,368,368,368
369@testdomain.com,369,369,369
370@testdomain.com,370,370,370
371@testdomain.com,371,371,371
372@testdomain.com,372,372,372
373@testdomain.com,373,373,373
374@testdomain.com,374,374,374
375@testdomain.com,375,375,375
376@testdomain.com,376,376,376
377@testdomain.com,377,377,377
378@testdomain.com,378,378,378
379@testdomain.com,379,379,379
380@testdomain.com,380,380,380
381@testdomain.com,381,381,381
382@testdomain.com,382,382,382
383@testdomain.com,383,383,383
384@testdomain.com,384,384,384
385@testdomain.com,385,385,385
386@testdomain.com,386,386,386
387@testdomain.com,387,387,387
388@testdomain.com,388,388,388
389@testdomain.com,389,389,389
390@testdomain.com,390,390,390
391@testdomain.com,391,391,391
392@testdomain.com,392,392,392
393@testdomain.com,393,393,393
394@testdomain.com,394,394,394
395@testdomain.com,395,395,395
396@testdomain.com,396,396,396
397@testdomain.com,397,397,397
398@testdomain.com,398,398,398
399@testdomain.com,399,399,399
400@testdomain.com,400,400,400
401@testdomain.com,401,401,401
402@testdomain.com,402,402,402
403@testdomain.com,403,403,403
404@testdomain.com,404,404,404
405@testdomain.com,405,405,405
406@testdomain.com,406,406,406
407@testdomain.com,407,407,407
408@testdomain.com,408,408,408
409@testdomain.com,409,409,409
410@testdomain.com,410,410,410
411@testdomain.com,411,411,411
412@testdomain.com,412,412,412
413@testdomain.com,413,413,413
414@testdomain.com,414,414,414
415@testdomain.com,415,415,415
416@testdomain.com,416,416,416
417@testdomain.com,417,417,417
418@testdomain.com,418,418,418
419@testdomain.com,419,419,419
420@testdomain.com,420,420,420
421@testdomain.com,421,421,421
422@testdomain.com,422,422,422
423@testdomain.com,423,423,423
424@testdomain.com,424,424,424
425@testdomain.com,425,425,425
426@testdomain.com,426,426,426
427@testdomain.com,427,427,427
428@testdomain.com,428,428,428
429@testdomain.com,429,429,429
430@testdomain.com,430,430,430
431@testdomain.com,431,431,431
432@testdomain.com,432,432,432
433@testdomain.com,433,433,433
434@testdomain.com,434,434,434
435@testdomain.com,435,435,435
436@testdomain.com,436,436,436
437@testdomain.com,437,437,437
438@testdomain.com,438,438,438
439@testdomain.com,439,439,439
440@testdomain.com,440,440,440
441@testdomain.com,441,441,441
442@testdomain.com,442,442,442
443@testdomain.com,443,443,443
444@testdomain.com,444,444,444
445@testdomain.com,445,445,445
446@testdomain.com,446,446,446
447@testdomain.com,447,447,447
448@testdomain.com,448,448,448
449@testdomain.com,449,449,449
450@testdomain.com,450,450,450
451@testdomain.com,451,451,451
452@testdomain.com,452,452,452
453@testdomain.com,453,453,453
454@testdomain.com,454,454,454
455@testdomain.com,455,455,455
456@testdomain.com,456,456,456
457@testdomain.com,457,457,457
458@testdomain.com,458,458,458
459@testdomain.com,459,459,459
460@testdomain.com,460,460,460
461@testdomain.com,461,461,461
462@testdomain.com,462,462,462
463@testdomain.com,463,463,463
464@testdomain.com,464,464,464
465@testdomain.com,465,465,465
466@testdomain.com,466,466,466
467@testdomain.com,467,467,467
468@testdomain.com,468,468,468
469@testdomain.com,469,469,469
470@testdomain.com,470,470,470
471@testdomain.com,471,471,471
472@testdomain.com,472,472,472
473@testdomain.com,473,473,473
474@testdomain.com,474,474,474
475@testdomain.com,475,475,475
476@testdomain.com,476,476,476
477@testdomain.com,477,477,477
478@testdomain.com,478,478,478
479@testdomain.com,479,479,479
480@testdomain.com,480,480,480
481@testdomain.com,481,481,481
482@testdomain.com,482,482,482
483@testdomain.com,483,483,483
484@testdomain.com,484,484,484
485@testdomain.com,485,485,485
486@testdomain.com,486,486,486
487@testdomain.com,487,487,487
488@testdomain.com,488,488,488
489@testdomain.com,489,489,489
490@testdomain.com,490,490,490
491@testdomain.com,491,491,491
492@testdomain.com,492,492,492
493@testdomain.com,493,493,493
494@testdomain.com,494,494,494
495@testdomain.com,495,495,495
496@testdomain.com,496,496,496
497@testdomain.com,497,497,497
498@testdomain.com,498,498,498
499@testdomain.com,499,499,499
500@testdomain.com,500,500,500
501@testdomain.com,501,501,501
502@testdomain.com,502,502,502
503@testdomain.com,503,503,503
504@testdomain.com,504,504,504
505@testdomain.com,505,505,505
506@testdomain.com,506,506,506
507@testdomain.com,507,507,507
508@testdomain.com,508,508,508
509@testdomain.com,509,509,509
510@testdomain.com,510,510,510
511@testdomain.com,511,511,511
512@testdomain.com,512,512,512
513@testdomain.com,513,513,513
514@testdomain.com,514,514,514
515@testdomain.com,515,515,515
516@testdomain.com,516,516,516
517@testdomain.com,517,517,517
518@testdomain.com,518,518,518
519@testdomain.com,519,519,519
520@testdomain.com,520,520,520
521@testdomain.com,521,521,521
522@testdomain.com,522,522,522
523@testdomain.com,523,523,523
524@testdomain.com,524,524,524
525@testdomain.com,525,525,525
526@testdomain.com,526,526,526
527@testdomain.com,527,527,527
528@testdomain.com,528,528,528
529@testdomain.com,529,529,529
530@testdomain.com,530,530,530
531@testdomain.com,531,531,531
532@testdomain.com,532,532,532
533@testdomain.com,533,533,533
534@testdomain.com,534,534,534
535@testdomain.com,535,535,535
536@testdomain.com,536,536,536
537@testdomain.com,537,537,537
538@testdomain.com,538,538,538
539@testdomain.com,539,539,539
540@testdomain.com,540,540,540
541@testdomain.com,541,541,541
542@testdomain.com,542,542,542
543@testdomain.com,543,543,543
544@testdomain.com,544,544,544
545@testdomain.com,545,545,545
546@testdomain.com,546,546,546
547@testdomain.com,547,547,547
548@testdomain.com,548,548,548
549@testdomain.com,549,549,549
550@testdomain.com,550,550,550
551@testdomain.com,551,551,551
552@testdomain.com,552,552,552
553@testdomain.com,553,553,553
554@testdomain.com,554,554,554
555@testdomain.com,555,555,555
556@testdomain.com,556,556,556
557@testdomain.com,557,557,557
558@testdomain.com,558,558,558
559@testdomain.com,559,559,559
560@testdomain.com,560,560,560
561@testdomain.com,561,561,561
562@testdomain.com,562,562,562
563@testdomain.com,563,563,563
564@testdomain.com,564,564,564
565@testdomain.com,565,565,565
566@testdomain.com,566,566,566
567@testdomain.com,567,567,567
568@testdomain.com,568,568,568
569@testdomain.com,569,569,569
570@testdomain.com,570,570,570
571@testdomain.com,571,571,571
572@testdomain.com,572,572,572
573@testdomain.com,573,573,573
574@testdomain.com,574,574,574
575@testdomain.com,575,575,575
576@testdomain.com,576,576,576
577@testdomain.com,577,577,577
578@testdomain.com,578,578,578
579@testdomain.com,579,579,579
580@testdomain.com,580,580,580
581@testdomain.com,581,581,581
582@testdomain.com,582,582,582
583@testdomain.com,583,583,583
584@testdomain.com,584,584,584
585@testdomain.com,585,585,585
586@testdomain.com,586,586,586
587@testdomain.com,587,587,587
588@testdomain.com,588,588,588
589@testdomain.com,589,589,589
590@testdomain.com,590,590,590
591@testdomain.com,591,591,591
592@testdomain.com,592,592,592
593@testdomain.com,593,593,593
594@testdomain.com,594,594,594
595@testdomain.com,595,595,595
596@testdomain.com,596,596,596
597@testdomain.com,597,597,597
598@testdomain.com,598,598,598
599@testdomain.com,599,599,599
600@testdomain.com,600,600,600
601@testdomain.com,601,601,601
602@testdomain.com,602,602,602
603@testdomain.com,603,603,603
604@testdomain.com,604,604,604
605@testdomain.com,605,605,605
606@testdomain.com,606,606,606
607@testdomain.com,607,607,607
608@testdomain.com,608,608,608
609@testdomain.com,609,609,609
610@testdomain.com,610,610,610
611@testdomain.com,611,611,611
612@testdomain.com,612,612,612
613@testdomain.com,613,613,613
614@testdomain.com,614,614,614
615@testdomain.com,615,615,615
616@testdomain.com,616,616,616
617@testdomain.com,617,617,617
618@testdomain.com,618,618,618
619@testdomain.com,619,619,619
620@testdomain.com,620,620,620
621@testdomain.com,621,621,621
622@testdomain.com,622,622,622
623@testdomain.com,623,623,623
624@testdomain.com,624,624,624
625@testdomain.com,625,625,625
626@testdomain.com,626,626,626
627@testdomain.com,627,627,627
628@testdomain.com,628,628,628
629@testdomain.com,629,629,629
630@testdomain.com,630,630,630
631@testdomain.com,631,631,631
632@testdomain.com,632,632,632
633@testdomain.com,633,633,633
634@testdomain.com,634,634,634
635@testdomain.com,635,635,635
636@testdomain.com,636,636,636
637@testdomain.com,637,637,637
638@testdomain.com,638,638,638
639@testdomain.com,639,639,639
640@testdomain.com,640,640,640
641@testdomain.com,641,641,641
642@testdomain.com,642,642,642
643@testdomain.com,643,643,643
644@testdomain.com,644,644,644
645@testdomain.com,645,645,645
646@testdomain.com,646,646,646
647@testdomain.com,647,647,647
648@testdomain.com,648,648,648
649@testdomain.com,649,649,649
650@testdomain.com,650,650,650
651@testdomain.com,651,651,651
652@testdomain.com,652,652,652
653@testdomain.com,653,653,653
654@testdomain.com,654,654,654
655@testdomain.com,655,655,655
656@testdomain.com,656,656,656
657@testdomain.com,657,657,657
658@testdomain.com,658,658,658
659@testdomain.com,659,659,659
660@testdomain.com,660,660,660
661@testdomain.com,661,661,661
662@testdomain.com,662,662,662
663@testdomain.com,663,663,663
664@testdomain.com,664,664,664
665@testdomain.com,665,665,665
666@testdomain.com,666,666,666
667@testdomain.com,667,667,667
668@testdomain.com,668,668,668
669@testdomain.com,669,669,669
670@testdomain.com,670,670,670
671@testdomain.com,671,671,671
672@testdomain.com,672,672,672
673@testdomain.com,673,673,673
674@testdomain.com,674,674,674
675@testdomain.com,675,675,675
676@testdomain.com,676,676,676
677@testdomain.com,677,677,677
678@testdomain.com,678,678,678
679@testdomain.com,679,679,679
680@testdomain.com,680,680,680
681@testdomain.com,681,681,681
682@testdomain.com,682,682,682
683@testdomain.com,683,683,683
684@testdomain.com,684,684,684
685@testdomain.com,685,685,685
686@testdomain.com,686,686,686
687@testdomain.com,687,687,687
688@testdomain.com,688,688,688
689@testdomain.com,689,689,689
690@testdomain.com,690,690,690
691@testdomain.com,691,691,691
692@testdomain.com,692,692,692
693@testdomain.com,693,693,693
694@testdomain.com,694,694,694
695@testdomain.com,695,695,695
696@testdomain.com,696,696,696
697@testdomain.com,697,697,697
698@testdomain.com,698,698,698
699@testdomain.com,699,699,699
700@testdomain.com,700,700,700
701@testdomain.com,701,701,701
702@testdomain.com,702,702,702
703@testdomain.com,703,703,703
704@testdomain.com,704,704,704
705@testdomain.com,705,705,705
706@testdomain.com,706,706,706
707@testdomain.com,707,707,707
708@testdomain.com,708,708,708
709@testdomain.com,709,709,709
710@testdomain.com,710,710,710
711@testdomain.com,711,711,711
712@testdomain.com,712,712,712
713@testdomain.com,713,713,713
714@testdomain.com,714,714,714
715@testdomain.com,715,715,715
716@testdomain.com,716,716,716
717@testdomain.com,717,717,717
718@testdomain.com,718,718,718
719@testdomain.com,719,719,719
720@testdomain.com,720,720,720
721@testdomain.com,721,721,721
722@testdomain.com,722,722,722
723@testdomain.com,723,723,723
724@testdomain.com,724,724,724
725@testdomain.com,725,725,725
726@testdomain.com,726,726,726
727@testdomain.com,727,727,727
728@testdomain.com,728,728,728
729@testdomain.com,729,729,729
730@testdomain.com,730,730,730
731@testdomain.com,731,731,731
732@testdomain.com,732,732,732
733@testdomain.com,733,733,733
734@testdomain.com,734,734,734
735@testdomain.com,735,735,735
736@testdomain.com,736,736,736
737@testdomain.com,737,737,737
738@testdomain.com,738,738,738
739@testdomain.com,739,739,739
740@testdomain.com,740,740,740
741@testdomain.com,741,741,741
742@testdomain.com,742,742,742
743@testdomain.com,743,743,743
744@testdomain.com,744,744,744
745@testdomain.com,745,745,745
746@testdomain.com,746,746,746
747@testdomain.com,747,747,747
748@testdomain.com,748,748,748
749@testdomain.com,749,749,749
750@testdomain.com,750,750,750
751@testdomain.com,751,751,751
752@testdomain.com,752,752,752
753@testdomain.com,753,753,753
754@testdomain.com,754,754,754
755@testdomain.com,755,755,755
756@testdomain.com,756,756,756
757@testdomain.com,757,757,757
758@testdomain.com,758,758,758
759@testdomain.com,759,759,759
760@testdomain.com,760,760,760
761@testdomain.com,761,761,761
762@testdomain.com,762,762,762
763@testdomain.com,763,763,763
764@testdomain.com,764,764,764
765@testdomain.com,765,765,765
766@testdomain.com,766,766,766
767@testdomain.com,767,767,767
768@testdomain.com,768,768,768
769@testdomain.com,769,769,769
770@testdomain.com,770,770,770
771@testdomain.com,771,771,771
772@testdomain.com,772,772,772
773@testdomain.com,773,773,773
774@testdomain.com,774,774,774
775@testdomain.com,775,775,775
776@testdomain.com,776,776,776
777@testdomain.com,777,777,777
778@testdomain.com,778,778,778
779@testdomain.com,779,779,779
780@testdomain.com,780,780,780
781@testdomain.com,781,781,781
782@testdomain.com,782,782,782
783@testdomain.com,783,783,783
784@testdomain.com,784,784,784
785@testdomain.com,785,785,785
786@testdomain.com,786,786,786
787@testdomain.com,787,787,787
788@testdomain.com,788,788,788
789@testdomain.com,789,789,789
790@testdomain.com,790,790,790
791@testdomain.com,791,791,791
792@testdomain.com,792,792,792
793@testdomain.com,793,793,793
794@testdomain.com,794,794,794
795@testdomain.com,795,795,795
796@testdomain.com,796,796,796
797@testdomain.com,797,797,797
798@testdomain.com,798,798,798
799@testdomain.com,799,799,799
800@testdomain.com,800,800,800
801@testdomain.com,801,801,801
802@testdomain.com,802,802,802
803@testdomain.com,803,803,803
804@testdomain.com,804,804,804
805@testdomain.com,805,805,805
806@testdomain.com,806,806,806
807@testdomain.com,807,807,807
808@testdomain.com,808,808,808
809@testdomain.com,809,809,809
810@testdomain.com,810,810,810
811@testdomain.com,811,811,811
812@testdomain.com,812,812,812
813@testdomain.com,813,813,813
814@testdomain.com,814,814,814
815@testdomain.com,815,815,815
816@testdomain.com,816,816,816
817@testdomain.com,817,817,817
818@testdomain.com,818,818,818
819@testdomain.com,819,819,819
820@testdomain.com,820,820,820
821@testdomain.com,821,821,821
822@testdomain.com,822,822,822
823@testdomain.com,823,823,823
824@testdomain.com,824,824,824
825@testdomain.com,825,825,825
826@testdomain.com,826,826,826
827@testdomain.com,827,827,827
828@testdomain.com,828,828,828
829@testdomain.com,829,829,829
830@testdomain.com,830,830,830
831@testdomain.com,831,831,831
832@testdomain.com,832,832,832
833@testdomain.com,833,833,833
834@testdomain.com,834,834,834
835@testdomain.com,835,835,835
836@testdomain.com,836,836,836
837@testdomain.com,837,837,837
838@testdomain.com,838,838,838
839@testdomain.com,839,839,839
840@testdomain.com,840,840,840
841@testdomain.com,841,841,841
842@testdomain.com,842,842,842
843@testdomain.com,843,843,843
844@testdomain.com,844,844,844
845@testdomain.com,845,845,845
846@testdomain.com,846,846,846
847@testdomain.com,847,847,847
848@testdomain.com,848,848,848
849@testdomain.com,849,849,849
850@testdomain.com,850,850,850
851@testdomain.com,851,851,851
852@testdomain.com,852,852,852
853@testdomain.com,853,853,853
854@testdomain.com,854,854,854
855@testdomain.com,855,855,855
856@testdomain.com,856,856,856
857@testdomain.com,857,857,857
858@testdomain.com,858,858,858
859@testdomain.com,859,859,859
860@testdomain.com,860,860,860
861@testdomain.com,861,861,861
862@testdomain.com,862,862,862
863@testdomain.com,863,863,863
864@testdomain.com,864,864,864
865@testdomain.com,865,865,865
866@testdomain.com,866,866,866
867@testdomain.com,867,867,867
868@testdomain.com,868,868,868
869@testdomain.com,869,869,869
870@testdomain.com,870,870,870
871@testdomain.com,871,871,871
872@testdomain.com,872,872,872
873@testdomain.com,873,873,873
874@testdomain.com,874,874,874
875@testdomain.com,875,875,875
876@testdomain.com,876,876,876
877@testdomain.com,877,877,877
878@testdomain.com,878,878,878
879@testdomain.com,879,879,879
880@testdomain.com,880,880,880
881@testdomain.com,881,881,881
882@testdomain.com,882,882,882
883@testdomain.com,883,883,883
884@testdomain.com,884,884,884
885@testdomain.com,885,885,885
886@testdomain.com,886,886,886
887@testdomain.com,887,887,887
888@testdomain.com,888,888,888
889@testdomain.com,889,889,889
890@testdomain.com,890,890,890
891@testdomain.com,891,891,891
892@testdomain.com,892,892,892
893@testdomain.com,893,893,893
894@testdomain.com,894,894,894
895@testdomain.com,895,895,895
896@testdomain.com,896,896,896
897@testdomain.com,897,897,897
898@testdomain.com,898,898,898
899@testdomain.com,899,899,899
900@testdomain.com,900,900,900
901@testdomain.com,901,901,901
902@testdomain.com,902,902,902
903@testdomain.com,903,903,903
904@testdomain.com,904,904,904
905@testdomain.com,905,905,905
906@testdomain.com,906,906,906
907@testdomain.com,907,907,907
908@testdomain.com,908,908,908
909@testdomain.com,909,909,909
910@testdomain.com,910,910,910
911@testdomain.com,911,911,911
912@testdomain.com,912,912,912
913@testdomain.com,913,913,913
914@testdomain.com,914,914,914
915@testdomain.com,915,915,915
916@testdomain.com,916,916,916
917@testdomain.com,917,917,917
918@testdomain.com,918,918,918
919@testdomain.com,919,919,919
920@testdomain.com,920,920,920
921@testdomain.com,921,921,921
922@testdomain.com,922,922,922
923@testdomain.com,923,923,923
924@testdomain.com,924,924,924
925@testdomain.com,925,925,925
926@testdomain.com,926,926,926
927@testdomain.com,927,927,927
928@testdomain.com,928,928,928
929@testdomain.com,929,929,929
930@testdomain.com,930,930,930
931@testdomain.com,931,931,931
932@testdomain.com,932,932,932
933@testdomain.com,933,933,933
934@testdomain.com,934,934,934
935@testdomain.com,935,935,935
936@testdomain.com,936,936,936
937@testdomain.com,937,937,937
938@testdomain.com,938,938,938
939@testdomain.com,939,939,939
940@testdomain.com,940,940,940
941@testdomain.com,941,941,941
942@testdomain.com,942,942,942
943@testdomain.com,943,943,943
944@testdomain.com,944,944,944
945@testdomain.com,945,945,945
946@testdomain.com,946,946,946
947@testdomain.com,947,947,947
948@testdomain.com,948,948,948
949@testdomain.com,949,949,949
950@testdomain.com,950,950,950
951@testdomain.com,951,951,951
952@testdomain.com,952,952,952
953@testdomain.com,953,953,953
954@testdomain.com,954,954,954
955@testdomain.com,955,955,955
956@testdomain.com,956,956,956
957@testdomain.com,957,957,957
958@testdomain.com,958,958,958
959@testdomain.com,959,959,959
960@testdomain.com,960,960,960
961@testdomain.com,961,961,961
962@testdomain.com,962,962,962
963@testdomain.com,963,963,963
964@testdomain.com,964,964,964
965@testdomain.com,965,965,965
966@testdomain.com,966,966,966
967@testdomain.com,967,967,967
968@testdomain.com,968,968,968
969@testdomain.com,969,969,969
970@testdomain.com,970,970,970
971@testdomain.com,971,971,971
972@testdomain.com,972,972,972
973@testdomain.com,973,973,973
974@testdomain.com,974,974,974
975@testdomain.com,975,975,975
976@testdomain.com,976,976,976
977@testdomain.com,977,977,977
978@testdomain.com,978,978,978
979@testdomain.com,979,979,979
980@testdomain.com,980,980,980
981@testdomain.com,981,981,981
982@testdomain.com,982,982,982
983@testdomain.com,983,983,983
984@testdomain.com,984,984,984
985@testdomain.com,985,985,985
986@testdomain.com,986,986,986
987@testdomain.com,987,987,987
988@testdomain.com,988,988,988
989@testdomain.com,989,989,989
990@testdomain.com,990,990,990
991@testdomain.com,991,991,991
992@testdomain.com,992,992,992
993@testdomain.com,993,993,993
994@testdomain.com,994,994,994
995@testdomain.com,995,995,995
996@testdomain.com,996,996,996
997@testdomain.com,997,997,997
998@testdomain.com,998,998,998
999@testdomain.com,999,999,999
1000@testdomain.com,1000,1000,1000
